seg_link,loc,loc_name,loc_zn,loc_seg,design,operating,tsq,oac,it,flow_ind,all_qty
View,1790,OXY/NGPL FUEL GAS #2 EDDY,01,7,9285,9285,0,9285,N,D,Y
View,1791,DCP OPER/NGPL FUEL GAS EDDY,01,7,9255,9255,0,9255,N,D,Y
View,2927,KMTEJAS/NGPL MON,04,22,316157,316157,0,316157,N,BD,Y
View,2965,NICORGAS/NGPL FARMER CITY PIATT,06,28,78190,78190,0,0,N,D,Y
View,3063,KGS/NGPL FORD,02,11,117562,117562,0,117562,N,BD,Y
View,3083,EPNG/NGPL JAL LEA,01,9,335962,170000,26646,143354,N,D,Y
View,3352,ETP/NGPL BECKVILLE PANOLA,03,26,300000,300000,0,300000,N,BD,Y
View,3592,SABPL/NGPL HENRY HUB VERMILION,05,24,500000,500000,472702,27298,N,BD,Y
View,3618,FGT/NGPL JEFFERS,03,25,51000,51000,1092,49908,N,D,Y
View,3644,KMTEJAS/NGPL BECKVILLE PANOLA,03,26,52169,52169,0,52169,N,BD,Y
View,3697,IPC/NGPL PINE BLUFF SALINE,06,27,90426,90426,0,90426,N,D,Y
View,3734,WISC ELE/NGPL LA,06,39,184370,184370,0,184370,N,D,Y
View,3817,MB HUB/NGPL MOSS  BLUFF LIBERTY,03,25,470475,470475,0,470475,N,BD,Y
View,3857,PGLC/NGPL MANLOVE PIATT,06,28,463360,463360,0,0,N,D,Y
View,3886,BANHUB/NGPL BANQUETE   HUB    BI-DI,04,20,200000,200000,0,200000,N,BD,Y
View,3950,MIDAMER/NGPL DES MOINES WARREN,06,13,125000,125000,0,0,N,D,Y
View,3952,VALMSC/NGPL CART,03,15,40000,40000,12884,27116,Y,D,Y
View,4100,NICORGAS/NGPL STREAMWOOD COOK,06,30,86726,86726,0,0,N,D,Y
View,4101,NICORGAS/NGPL HAMMES AVE WILL,06,31,43060,43060,0,0,N,D,Y
View,4102,NICORGAS/NGPL MOUND ROAD WILL,06,32,48100,48100,0,0,N,D,Y
View,4103,NICORGAS/NGPL CICERO AVE COOK,06,31,55180,55180,0,0,N,D,Y
View,4109,NICORGAS/NGPL WEBER ROAD WILL,06,31,229081,229081,0,0,N,D,Y
View,4111,NICORGAS/NGPL GOUGAR ROAD WILL,06,32,52360,52360,0,0,N,D,Y
View,4115,NICORGAS/NGPL CENTRAL AVE COOK,06,33,216760,216760,0,0,N,D,Y
View,4124,NICORGAS/NGPL WEST CHICAGO DU PAGE,06,30,237119,237119,0,0,N,D,Y
View,4130,NICORGAS/NGPL CHICAGO HEIGHTS COOK,06,32,83340,83340,0,0,N,D,Y
View,4131,NICORGAS/NGPL PARK RIDGE COOK,06,30,545963,545963,0,0,N,D,Y
View,4132,NICORGAS/NGPL LAWNDALE AVE COOK,06,31,170360,170360,0,0,N,D,Y
View,4134,NICORGAS/NGPL CALDWELL AVE COOK,06,30,241383,241383,0,0,N,D,Y
View,4142,NICORGAS/NGPL SKOKIE RD COOK,06,30,546750,546750,0,0,N,D,Y
View,4143,NICORGAS/NGPL RIVERDALE COOK,06,32,55400,55400,0,0,N,D,Y
View,4151,PGLC/NGPL ORAM RD EMERG INTER WILL,06,33,128750,128750,0,0,N,D,Y
View,4153,PGLC/NGPL 138TH ST COOK,06,32,22050,22050,0,0,N,D,Y
View,4156,PGLC/NGPL O&#39;HARE #1 COOK,06,30,86641,86641,0,0,N,D,Y
View,4166,PGLC/NGPL O&#39;HARE #2 COOK,06,30,86384,86384,0,0,N,D,Y
View,4186,NIPSCO/NGPL HEGEWISCH COOK,06,32,72000,72000,0,0,N,D,Y
View,4187,NIPSCO/NGPL LANSING COOK,06,33,649000,649000,0,0,N,D,Y
View,4189,NIPSCO/NGPL 134TH ST COOK,06,32,71750,71750,0,0,N,D,Y
View,4219,NICORGAS/NGPL COM ED #9 WILL,06,32,20100,20100,0,0,N,D,Y
View,4226,NICORGAS/NGPL METRO SAN DIST COOK,06,31,640,640,0,0,N,D,Y
View,4818,WILDORAD/NGPL RA,01,8,3580,3580,0,3580,N,D,Y
View,4879,AMER IL/NGPL MATTOON DOUGLAS,06,28,32400,32400,0,0,N,D,Y
View,5003,OASIS/NGPL WARD,01,9,100000,100000,0,100000,N,D,Y
View,5381,PHILLIPS/NGPL HERRING HUTCHINSON,02,6,5721,5721,0,5721,N,D,Y
View,5382,WTG/NGPL HUTCHIN,02,6,648,648,11,637,N,D,Y
View,5418,SSC GPL/NGPL FOR,02,11,180000,180000,1100,178900,N,BD,Y
View,5579,KMTP/NGPL GOODRICH POLK,03,26,262000,262000,163100,98900,Y,BD,Y
View,5593,BHSC/NGPL LINCOLN OTOE,06,12,144000,144000,0,0,N,D,Y
View,6100,ANR/NGPL SOUTH WOODSTOCK MC HENRY,06,37,174931,1,0,1,N,BD,Y
View,6216,KMTP/NGPL HAGIST RANCH DUVAL,04,21,190969,1,0,1,N,BD,Y
View,6231,KMTEJAS/NGPL EDNA JACKSON,04,22,784001,784001,0,784001,N,D,Y
View,6295,CNTRPT/NGPL WESTON LAKES FORT BEND,04,22,3600,3600,397,3203,N,D,Y
View,7866,NO SHORE/NGPL TONNE RD COOK,06,30,198920,198920,0,0,N,D,Y
View,7869,PGLC/NGPL STEEL MET COOK,06,33,240,240,0,0,N,D,Y
View,7936,FGT/NGPL VERMILI,05,24,313137,150000,22338,127662,N,D,Y
View,8021,GPC/NGPL MUSCATI,06,14,38609,38609,22054,16555,N,D,Y
View,9252,NEB CITY/NGPL CDP,06,12,0,17390,750,16640,N,D,Y
View,9254,NO SHORE/NGPL CDP,06,30,0,284222,22617,261605,N,D,Y
View,9258,NICORGAS/NGPL CDP,06,28,0,2763444,922524,1840920,N,D,Y
